img_fpath,mask_fpath,defect_id
data/MT_dset/MT_Blowhole/Imgs/exp6_num_297601.jpg,data/MT_dset/MT_Blowhole/Imgs/exp6_num_297601.png,0
data/MT_dset/MT_Blowhole/Imgs/exp5_num_317558.jpg,data/MT_dset/MT_Blowhole/Imgs/exp5_num_317558.png,0
data/MT_dset/MT_Blowhole/Imgs/exp4_num_265131.jpg,data/MT_dset/MT_Blowhole/Imgs/exp4_num_265131.png,0
data/MT_dset/MT_Blowhole/Imgs/exp4_num_297524.jpg,data/MT_dset/MT_Blowhole/Imgs/exp4_num_297524.png,0
data/MT_dset/MT_Blowhole/Imgs/exp2_num_108923.jpg,data/MT_dset/MT_Blowhole/Imgs/exp2_num_108923.png,0
data/MT_dset/MT_Blowhole/Imgs/exp6_num_54366.jpg,data/MT_dset/MT_Blowhole/Imgs/exp6_num_54366.png,0
data/MT_dset/MT_Blowhole/Imgs/exp3_num_7023.jpg,data/MT_dset/MT_Blowhole/Imgs/exp3_num_7023.png,0
data/MT_dset/MT_Blowhole/Imgs/exp3_num_108757.jpg,data/MT_dset/MT_Blowhole/Imgs/exp3_num_108757.png,0
data/MT_dset/MT_Blowhole/Imgs/exp3_num_853.jpg,data/MT_dset/MT_Blowhole/Imgs/exp3_num_853.png,0
data/MT_dset/MT_Blowhole/Imgs/exp2_num_297490.jpg,data/MT_dset/MT_Blowhole/Imgs/exp2_num_297490.png,0
data/MT_dset/MT_Blowhole/Imgs/exp6_num_7102.jpg,data/MT_dset/MT_Blowhole/Imgs/exp6_num_7102.png,0
data/MT_dset/MT_Blowhole/Imgs/exp6_num_3789.jpg,data/MT_dset/MT_Blowhole/Imgs/exp6_num_3789.png,0
data/MT_dset/MT_Blowhole/Imgs/exp6_num_328105.jpg,data/MT_dset/MT_Blowhole/Imgs/exp6_num_328105.png,0
data/MT_dset/MT_Blowhole/Imgs/exp4_num_308078.jpg,data/MT_dset/MT_Blowhole/Imgs/exp4_num_308078.png,0
data/MT_dset/MT_Blowhole/Imgs/exp4_num_322656.jpg,data/MT_dset/MT_Blowhole/Imgs/exp4_num_322656.png,0
data/MT_dset/MT_Blowhole/Imgs/exp1_num_108719.jpg,data/MT_dset/MT_Blowhole/Imgs/exp1_num_108719.png,0
data/MT_dset/MT_Blowhole/Imgs/exp6_num_108812.jpg,data/MT_dset/MT_Blowhole/Imgs/exp6_num_108812.png,0
data/MT_dset/MT_Blowhole/Imgs/exp1_num_297464.jpg,data/MT_dset/MT_Blowhole/Imgs/exp1_num_297464.png,0
data/MT_dset/MT_Blowhole/Imgs/exp3_num_40438.jpg,data/MT_dset/MT_Blowhole/Imgs/exp3_num_40438.png,0
data/MT_dset/MT_Blowhole/Imgs/exp3_num_328014.jpg,data/MT_dset/MT_Blowhole/Imgs/exp3_num_328014.png,0
data/MT_dset/MT_Blowhole/Imgs/exp3_num_265117.jpg,data/MT_dset/MT_Blowhole/Imgs/exp3_num_265117.png,0
data/MT_dset/MT_Blowhole/Imgs/exp4_num_54308.jpg,data/MT_dset/MT_Blowhole/Imgs/exp4_num_54308.png,0
data/MT_dset/MT_Blowhole/Imgs/exp6_num_265182.jpg,data/MT_dset/MT_Blowhole/Imgs/exp6_num_265182.png,0
data/MT_dset/MT_Blowhole/Imgs/exp5_num_328057.jpg,data/MT_dset/MT_Blowhole/Imgs/exp5_num_328057.png,0
data/MT_dset/MT_Blowhole/Imgs/exp6_num_9594.jpg,data/MT_dset/MT_Blowhole/Imgs/exp6_num_9594.png,0
data/MT_dset/MT_Blowhole/Imgs/exp2_num_7009.jpg,data/MT_dset/MT_Blowhole/Imgs/exp2_num_7009.png,0
data/MT_dset/MT_Blowhole/Imgs/exp4_num_7036.jpg,data/MT_dset/MT_Blowhole/Imgs/exp4_num_7036.png,0
data/MT_dset/MT_Blowhole/Imgs/exp2_num_4964.jpg,data/MT_dset/MT_Blowhole/Imgs/exp2_num_4964.png,0
data/MT_dset/MT_Blowhole/Imgs/exp3_num_4978.jpg,data/MT_dset/MT_Blowhole/Imgs/exp3_num_4978.png,0
data/MT_dset/MT_Blowhole/Imgs/exp1_num_51674.jpg,data/MT_dset/MT_Blowhole/Imgs/exp1_num_51674.png,0
data/MT_dset/MT_Blowhole/Imgs/exp2_num_322630.jpg,data/MT_dset/MT_Blowhole/Imgs/exp2_num_322630.png,0
data/MT_dset/MT_Blowhole/Imgs/exp1_num_9473.jpg,data/MT_dset/MT_Blowhole/Imgs/exp1_num_9473.png,0
data/MT_dset/MT_Blowhole/Imgs/exp1_num_262480.jpg,data/MT_dset/MT_Blowhole/Imgs/exp1_num_262480.png,0
data/MT_dset/MT_Blowhole/Imgs/exp1_num_290998.jpg,data/MT_dset/MT_Blowhole/Imgs/exp1_num_290998.png,0
data/MT_dset/MT_Blowhole/Imgs/exp6_num_322697.jpg,data/MT_dset/MT_Blowhole/Imgs/exp6_num_322697.png,0
data/MT_dset/MT_Blowhole/Imgs/exp6_num_51771.jpg,data/MT_dset/MT_Blowhole/Imgs/exp6_num_51771.png,0
data/MT_dset/MT_Blowhole/Imgs/exp4_num_291052.jpg,data/MT_dset/MT_Blowhole/Imgs/exp4_num_291052.png,0
data/MT_dset/MT_Blowhole/Imgs/exp4_num_4995.jpg,data/MT_dset/MT_Blowhole/Imgs/exp4_num_4995.png,0
data/MT_dset/MT_Blowhole/Imgs/exp2_num_327997.jpg,data/MT_dset/MT_Blowhole/Imgs/exp2_num_327997.png,0
data/MT_dset/MT_Blowhole/Imgs/exp5_num_346381.jpg,data/MT_dset/MT_Blowhole/Imgs/exp5_num_346381.png,0
data/MT_dset/MT_Blowhole/Imgs/exp2_num_36302.jpg,data/MT_dset/MT_Blowhole/Imgs/exp2_num_36302.png,0
data/MT_dset/MT_Blowhole/Imgs/exp4_num_3724.jpg,data/MT_dset/MT_Blowhole/Imgs/exp4_num_3724.png,0
data/MT_dset/MT_Blowhole/Imgs/exp2_num_265103.jpg,data/MT_dset/MT_Blowhole/Imgs/exp2_num_265103.png,0
data/MT_dset/MT_Blowhole/Imgs/exp4_num_108774.jpg,data/MT_dset/MT_Blowhole/Imgs/exp4_num_108774.png,0
data/MT_dset/MT_Blowhole/Imgs/exp5_num_4801.jpg,data/MT_dset/MT_Blowhole/Imgs/exp5_num_4801.png,0
data/MT_dset/MT_Blowhole/Imgs/exp3_num_346347.jpg,data/MT_dset/MT_Blowhole/Imgs/exp3_num_346347.png,0
data/MT_dset/MT_Blowhole/Imgs/exp4_num_36258.jpg,data/MT_dset/MT_Blowhole/Imgs/exp4_num_36258.png,0
data/MT_dset/MT_Blowhole/Imgs/exp6_num_308130.jpg,data/MT_dset/MT_Blowhole/Imgs/exp6_num_308130.png,0
data/MT_dset/MT_Blowhole/Imgs/exp1_num_346311.jpg,data/MT_dset/MT_Blowhole/Imgs/exp1_num_346311.png,0
data/MT_dset/MT_Blowhole/Imgs/exp3_num_51711.jpg,data/MT_dset/MT_Blowhole/Imgs/exp3_num_51711.png,0
data/MT_dset/MT_Blowhole/Imgs/exp5_num_291077.jpg,data/MT_dset/MT_Blowhole/Imgs/exp5_num_291077.png,0
data/MT_dset/MT_Blowhole/Imgs/exp1_num_317483.jpg,data/MT_dset/MT_Blowhole/Imgs/exp1_num_317483.png,0
data/MT_dset/MT_Blowhole/Imgs/exp1_num_327970.jpg,data/MT_dset/MT_Blowhole/Imgs/exp1_num_327970.png,0
data/MT_dset/MT_Blowhole/Imgs/exp5_num_3746.jpg,data/MT_dset/MT_Blowhole/Imgs/exp5_num_3746.png,0
data/MT_dset/MT_Blowhole/Imgs/exp6_num_40515.jpg,data/MT_dset/MT_Blowhole/Imgs/exp6_num_40515.png,0
data/MT_dset/MT_Blowhole/Imgs/exp5_num_9549.jpg,data/MT_dset/MT_Blowhole/Imgs/exp5_num_9549.png,0
data/MT_dset/MT_Blowhole/Imgs/exp4_num_4779.jpg,data/MT_dset/MT_Blowhole/Imgs/exp4_num_4779.png,0
data/MT_dset/MT_Blowhole/Imgs/exp2_num_3696.jpg,data/MT_dset/MT_Blowhole/Imgs/exp2_num_3696.png,0
data/MT_dset/MT_Blowhole/Imgs/exp1_num_308015.jpg,data/MT_dset/MT_Blowhole/Imgs/exp1_num_308015.png,0
data/MT_dset/MT_Blowhole/Imgs/exp4_num_317540.jpg,data/MT_dset/MT_Blowhole/Imgs/exp4_num_317540.png,0
data/MT_dset/MT_Blowhole/Imgs/exp3_num_54291.jpg,data/MT_dset/MT_Blowhole/Imgs/exp3_num_54291.png,0
data/MT_dset/MT_Blowhole/Imgs/exp5_num_308098.jpg,data/MT_dset/MT_Blowhole/Imgs/exp5_num_308098.png,0
data/MT_dset/MT_Blowhole/Imgs/exp6_num_36280.jpg,data/MT_dset/MT_Blowhole/Imgs/exp6_num_36280.png,0
data/MT_dset/MT_Blowhole/Imgs/exp5_num_265149.jpg,data/MT_dset/MT_Blowhole/Imgs/exp5_num_265149.png,0
data/MT_dset/MT_Blowhole/Imgs/exp6_num_262705.jpg,data/MT_dset/MT_Blowhole/Imgs/exp6_num_262705.png,0
data/MT_dset/MT_Blowhole/Imgs/exp1_num_108889.jpg,data/MT_dset/MT_Blowhole/Imgs/exp1_num_108889.png,0
data/MT_dset/MT_Blowhole/Imgs/exp3_num_262601.jpg,data/MT_dset/MT_Blowhole/Imgs/exp3_num_262601.png,0
data/MT_dset/MT_Blowhole/Imgs/exp4_num_262626.jpg,data/MT_dset/MT_Blowhole/Imgs/exp4_num_262626.png,0
data/MT_dset/MT_Blowhole/Imgs/exp3_num_36246.jpg,data/MT_dset/MT_Blowhole/Imgs/exp3_num_36246.png,0
data/MT_dset/MT_Blowhole/Imgs/exp5_num_54331.jpg,data/MT_dset/MT_Blowhole/Imgs/exp5_num_54331.png,0
data/MT_dset/MT_Blowhole/Imgs/exp2_num_108741.jpg,data/MT_dset/MT_Blowhole/Imgs/exp2_num_108741.png,0
data/MT_dset/MT_Blowhole/Imgs/exp2_num_262572.jpg,data/MT_dset/MT_Blowhole/Imgs/exp2_num_262572.png,0
data/MT_dset/MT_Blowhole/Imgs/exp4_num_40450.jpg,data/MT_dset/MT_Blowhole/Imgs/exp4_num_40450.png,0
data/MT_dset/MT_Blowhole/Imgs/exp1_num_4944.jpg,data/MT_dset/MT_Blowhole/Imgs/exp1_num_4944.png,0
data/MT_dset/MT_Blowhole/Imgs/exp1_num_6984.jpg,data/MT_dset/MT_Blowhole/Imgs/exp1_num_6984.png,0
data/MT_dset/MT_Blowhole/Imgs/exp1_num_265077.jpg,data/MT_dset/MT_Blowhole/Imgs/exp1_num_265077.png,0
data/MT_dset/MT_Blowhole/Imgs/exp5_num_5022.jpg,data/MT_dset/MT_Blowhole/Imgs/exp5_num_5022.png,0
data/MT_dset/MT_Blowhole/Imgs/exp2_num_9496.jpg,data/MT_dset/MT_Blowhole/Imgs/exp2_num_9496.png,0
data/MT_dset/MT_Blowhole/Imgs/exp5_num_108791.jpg,data/MT_dset/MT_Blowhole/Imgs/exp5_num_108791.png,0
data/MT_dset/MT_Blowhole/Imgs/exp3_num_3710.jpg,data/MT_dset/MT_Blowhole/Imgs/exp3_num_3710.png,0
data/MT_dset/MT_Blowhole/Imgs/exp1_num_322605.jpg,data/MT_dset/MT_Blowhole/Imgs/exp1_num_322605.png,0
data/MT_dset/MT_Blowhole/Imgs/exp1_num_4727.jpg,data/MT_dset/MT_Blowhole/Imgs/exp1_num_4727.png,0
data/MT_dset/MT_Blowhole/Imgs/exp1_num_54246.jpg,data/MT_dset/MT_Blowhole/Imgs/exp1_num_54246.png,0
data/MT_dset/MT_Blowhole/Imgs/exp1_num_3667.jpg,data/MT_dset/MT_Blowhole/Imgs/exp1_num_3667.png,0
data/MT_dset/MT_Blowhole/Imgs/exp5_num_40480.jpg,data/MT_dset/MT_Blowhole/Imgs/exp5_num_40480.png,0
data/MT_dset/MT_Blowhole/Imgs/exp2_num_40424.jpg,data/MT_dset/MT_Blowhole/Imgs/exp2_num_40424.png,0
data/MT_dset/MT_Blowhole/Imgs/exp5_num_36269.jpg,data/MT_dset/MT_Blowhole/Imgs/exp5_num_36269.png,0
data/MT_dset/MT_Blowhole/Imgs/exp6_num_4841.jpg,data/MT_dset/MT_Blowhole/Imgs/exp6_num_4841.png,0
data/MT_dset/MT_Blowhole/Imgs/exp5_num_297552.jpg,data/MT_dset/MT_Blowhole/Imgs/exp5_num_297552.png,0
data/MT_dset/MT_Blowhole/Imgs/exp3_num_317526.jpg,data/MT_dset/MT_Blowhole/Imgs/exp3_num_317526.png,0
data/MT_dset/MT_Blowhole/Imgs/exp2_num_308043.jpg,data/MT_dset/MT_Blowhole/Imgs/exp2_num_308043.png,0
data/MT_dset/MT_Blowhole/Imgs/exp5_num_322672.jpg,data/MT_dset/MT_Blowhole/Imgs/exp5_num_322672.png,0
data/MT_dset/MT_Break/Imgs/exp5_num_348696.jpg,data/MT_dset/MT_Break/Imgs/exp5_num_348696.png,1
data/MT_dset/MT_Break/Imgs/exp2_num_194202.jpg,data/MT_dset/MT_Break/Imgs/exp2_num_194202.png,1
data/MT_dset/MT_Break/Imgs/exp5_num_242089.jpg,data/MT_dset/MT_Break/Imgs/exp5_num_242089.png,1
data/MT_dset/MT_Break/Imgs/exp4_num_98305.jpg,data/MT_dset/MT_Break/Imgs/exp4_num_98305.png,1
data/MT_dset/MT_Break/Imgs/exp3_num_26146.jpg,data/MT_dset/MT_Break/Imgs/exp3_num_26146.png,1
data/MT_dset/MT_Break/Imgs/exp5_num_284552.jpg,data/MT_dset/MT_Break/Imgs/exp5_num_284552.png,1
data/MT_dset/MT_Break/Imgs/exp2_num_105807.jpg,data/MT_dset/MT_Break/Imgs/exp2_num_105807.png,1
data/MT_dset/MT_Break/Imgs/exp4_num_116999.jpg,data/MT_dset/MT_Break/Imgs/exp4_num_116999.png,1
data/MT_dset/MT_Break/Imgs/exp5_num_276416.jpg,data/MT_dset/MT_Break/Imgs/exp5_num_276416.png,1
data/MT_dset/MT_Break/Imgs/exp6_num_284593.jpg,data/MT_dset/MT_Break/Imgs/exp6_num_284593.png,1
data/MT_dset/MT_Break/Imgs/exp5_num_105879.jpg,data/MT_dset/MT_Break/Imgs/exp5_num_105879.png,1
data/MT_dset/MT_Break/Imgs/exp2_num_241913.jpg,data/MT_dset/MT_Break/Imgs/exp2_num_241913.png,1
data/MT_dset/MT_Break/Imgs/exp3_num_105826.jpg,data/MT_dset/MT_Break/Imgs/exp3_num_105826.png,1
data/MT_dset/MT_Break/Imgs/exp3_num_116981.jpg,data/MT_dset/MT_Break/Imgs/exp3_num_116981.png,1
data/MT_dset/MT_Break/Imgs/exp4_num_26163.jpg,data/MT_dset/MT_Break/Imgs/exp4_num_26163.png,1
data/MT_dset/MT_Break/Imgs/exp1_num_271361.jpg,data/MT_dset/MT_Break/Imgs/exp1_num_271361.png,1
data/MT_dset/MT_Break/Imgs/exp5_num_194256.jpg,data/MT_dset/MT_Break/Imgs/exp5_num_194256.png,1
data/MT_dset/MT_Break/Imgs/exp6_num_117060.jpg,data/MT_dset/MT_Break/Imgs/exp6_num_117060.png,1
data/MT_dset/MT_Break/Imgs/exp4_num_276401.jpg,data/MT_dset/MT_Break/Imgs/exp4_num_276401.png,1
data/MT_dset/MT_Break/Imgs/exp3_num_98116.jpg,data/MT_dset/MT_Break/Imgs/exp3_num_98116.png,1
data/MT_dset/MT_Break/Imgs/exp5_num_320724.jpg,data/MT_dset/MT_Break/Imgs/exp5_num_320724.png,1
data/MT_dset/MT_Break/Imgs/exp4_num_62606.jpg,data/MT_dset/MT_Break/Imgs/exp4_num_62606.png,1
data/MT_dset/MT_Break/Imgs/exp3_num_271400.jpg,data/MT_dset/MT_Break/Imgs/exp3_num_271400.png,1
data/MT_dset/MT_Break/Imgs/exp6_num_242123.jpg,data/MT_dset/MT_Break/Imgs/exp6_num_242123.png,1
data/MT_dset/MT_Break/Imgs/exp2_num_62577.jpg,data/MT_dset/MT_Break/Imgs/exp2_num_62577.png,1
data/MT_dset/MT_Break/Imgs/exp3_num_356756.jpg,data/MT_dset/MT_Break/Imgs/exp3_num_356756.png,1
data/MT_dset/MT_Break/Imgs/exp2_num_271384.jpg,data/MT_dset/MT_Break/Imgs/exp2_num_271384.png,1
data/MT_dset/MT_Break/Imgs/exp6_num_356817.jpg,data/MT_dset/MT_Break/Imgs/exp6_num_356817.png,1
data/MT_dset/MT_Break/Imgs/exp4_num_304328.jpg,data/MT_dset/MT_Break/Imgs/exp4_num_304328.png,1
data/MT_dset/MT_Break/Imgs/exp2_num_26130.jpg,data/MT_dset/MT_Break/Imgs/exp2_num_26130.png,1
data/MT_dset/MT_Break/Imgs/exp6_num_320759.jpg,data/MT_dset/MT_Break/Imgs/exp6_num_320759.png,1
data/MT_dset/MT_Break/Imgs/exp4_num_284532.jpg,data/MT_dset/MT_Break/Imgs/exp4_num_284532.png,1
data/MT_dset/MT_Break/Imgs/exp2_num_276373.jpg,data/MT_dset/MT_Break/Imgs/exp2_num_276373.png,1
data/MT_dset/MT_Break/Imgs/exp6_num_276451.jpg,data/MT_dset/MT_Break/Imgs/exp6_num_276451.png,1
data/MT_dset/MT_Break/Imgs/exp3_num_194220.jpg,data/MT_dset/MT_Break/Imgs/exp3_num_194220.png,1
data/MT_dset/MT_Break/Imgs/exp6_num_194304.jpg,data/MT_dset/MT_Break/Imgs/exp6_num_194304.png,1
data/MT_dset/MT_Break/Imgs/exp1_num_348629.jpg,data/MT_dset/MT_Break/Imgs/exp1_num_348629.png,1
data/MT_dset/MT_Break/Imgs/exp2_num_304305.jpg,data/MT_dset/MT_Break/Imgs/exp2_num_304305.png,1
data/MT_dset/MT_Break/Imgs/exp1_num_62553.jpg,data/MT_dset/MT_Break/Imgs/exp1_num_62553.png,1
data/MT_dset/MT_Break/Imgs/exp5_num_62619.jpg,data/MT_dset/MT_Break/Imgs/exp5_num_62619.png,1
data/MT_dset/MT_Break/Imgs/exp3_num_284520.jpg,data/MT_dset/MT_Break/Imgs/exp3_num_284520.png,1
data/MT_dset/MT_Break/Imgs/exp4_num_320705.jpg,data/MT_dset/MT_Break/Imgs/exp4_num_320705.png,1
data/MT_dset/MT_Break/Imgs/exp3_num_62592.jpg,data/MT_dset/MT_Break/Imgs/exp3_num_62592.png,1
data/MT_dset/MT_Break/Imgs/exp1_num_194173.jpg,data/MT_dset/MT_Break/Imgs/exp1_num_194173.png,1
data/MT_dset/MT_Break/Imgs/exp3_num_320689.jpg,data/MT_dset/MT_Break/Imgs/exp3_num_320689.png,1
data/MT_dset/MT_Break/Imgs/exp6_num_149097.jpg,data/MT_dset/MT_Break/Imgs/exp6_num_149097.png,1
data/MT_dset/MT_Break/Imgs/exp5_num_149023.jpg,data/MT_dset/MT_Break/Imgs/exp5_num_149023.png,1
data/MT_dset/MT_Break/Imgs/exp5_num_271434.jpg,data/MT_dset/MT_Break/Imgs/exp5_num_271434.png,1
data/MT_dset/MT_Break/Imgs/exp4_num_105851.jpg,data/MT_dset/MT_Break/Imgs/exp4_num_105851.png,1
data/MT_dset/MT_Break/Imgs/exp5_num_26212.jpg,data/MT_dset/MT_Break/Imgs/exp5_num_26212.png,1
data/MT_dset/MT_Break/Imgs/exp4_num_194236.jpg,data/MT_dset/MT_Break/Imgs/exp4_num_194236.png,1
data/MT_dset/MT_Break/Imgs/exp3_num_304317.jpg,data/MT_dset/MT_Break/Imgs/exp3_num_304317.png,1
data/MT_dset/MT_Break/Imgs/exp1_num_26106.jpg,data/MT_dset/MT_Break/Imgs/exp1_num_26106.png,1
data/MT_dset/MT_Break/Imgs/exp3_num_241926.jpg,data/MT_dset/MT_Break/Imgs/exp3_num_241926.png,1
data/MT_dset/MT_Break/Imgs/exp2_num_356745.jpg,data/MT_dset/MT_Break/Imgs/exp2_num_356745.png,1
data/MT_dset/MT_Break/Imgs/exp2_num_320673.jpg,data/MT_dset/MT_Break/Imgs/exp2_num_320673.png,1
data/MT_dset/MT_Break/Imgs/exp5_num_98336.jpg,data/MT_dset/MT_Break/Imgs/exp5_num_98336.png,1
data/MT_dset/MT_Break/Imgs/exp4_num_348673.jpg,data/MT_dset/MT_Break/Imgs/exp4_num_348673.png,1
data/MT_dset/MT_Break/Imgs/exp6_num_105927.jpg,data/MT_dset/MT_Break/Imgs/exp6_num_105927.png,1
data/MT_dset/MT_Break/Imgs/exp1_num_284482.jpg,data/MT_dset/MT_Break/Imgs/exp1_num_284482.png,1
data/MT_dset/MT_Break/Imgs/exp2_num_98102.jpg,data/MT_dset/MT_Break/Imgs/exp2_num_98102.png,1
data/MT_dset/MT_Break/Imgs/exp3_num_348661.jpg,data/MT_dset/MT_Break/Imgs/exp3_num_348661.png,1
data/MT_dset/MT_Break/Imgs/exp2_num_348648.jpg,data/MT_dset/MT_Break/Imgs/exp2_num_348648.png,1
data/MT_dset/MT_Break/Imgs/exp5_num_356780.jpg,data/MT_dset/MT_Break/Imgs/exp5_num_356780.png,1
data/MT_dset/MT_Break/Imgs/exp3_num_276387.jpg,data/MT_dset/MT_Break/Imgs/exp3_num_276387.png,1
data/MT_dset/MT_Break/Imgs/exp1_num_304290.jpg,data/MT_dset/MT_Break/Imgs/exp1_num_304290.png,1
data/MT_dset/MT_Break/Imgs/exp6_num_271512.jpg,data/MT_dset/MT_Break/Imgs/exp6_num_271512.png,1
data/MT_dset/MT_Break/Imgs/exp1_num_98080.jpg,data/MT_dset/MT_Break/Imgs/exp1_num_98080.png,1
data/MT_dset/MT_Crack/Imgs/exp4_num_32185.jpg,data/MT_dset/MT_Crack/Imgs/exp4_num_32185.png,2
data/MT_dset/MT_Crack/Imgs/exp6_num_342249.jpg,data/MT_dset/MT_Crack/Imgs/exp6_num_342249.png,2
data/MT_dset/MT_Crack/Imgs/exp2_num_342162.jpg,data/MT_dset/MT_Crack/Imgs/exp2_num_342162.png,2
data/MT_dset/MT_Crack/Imgs/exp2_num_86854.jpg,data/MT_dset/MT_Crack/Imgs/exp2_num_86854.png,2
data/MT_dset/MT_Crack/Imgs/exp1_num_276355.jpg,data/MT_dset/MT_Crack/Imgs/exp1_num_276355.png,2
data/MT_dset/MT_Crack/Imgs/exp5_num_88170.jpg,data/MT_dset/MT_Crack/Imgs/exp5_num_88170.png,2
data/MT_dset/MT_Crack/Imgs/exp2_num_32153.jpg,data/MT_dset/MT_Crack/Imgs/exp2_num_32153.png,2
data/MT_dset/MT_Crack/Imgs/exp4_num_265677.jpg,data/MT_dset/MT_Crack/Imgs/exp4_num_265677.png,2
data/MT_dset/MT_Crack/Imgs/exp4_num_85602.jpg,data/MT_dset/MT_Crack/Imgs/exp4_num_85602.png,2
data/MT_dset/MT_Crack/Imgs/exp1_num_342140.jpg,data/MT_dset/MT_Crack/Imgs/exp1_num_342140.png,2
data/MT_dset/MT_Crack/Imgs/exp5_num_32201.jpg,data/MT_dset/MT_Crack/Imgs/exp5_num_32201.png,2
data/MT_dset/MT_Crack/Imgs/exp2_num_116527.jpg,data/MT_dset/MT_Crack/Imgs/exp2_num_116527.png,2
data/MT_dset/MT_Crack/Imgs/exp5_num_3247.jpg,data/MT_dset/MT_Crack/Imgs/exp5_num_3247.png,2
data/MT_dset/MT_Crack/Imgs/exp6_num_86064.jpg,data/MT_dset/MT_Crack/Imgs/exp6_num_86064.png,2
data/MT_dset/MT_Crack/Imgs/exp1_num_86828.jpg,data/MT_dset/MT_Crack/Imgs/exp1_num_86828.png,2
data/MT_dset/MT_Crack/Imgs/exp2_num_249619.jpg,data/MT_dset/MT_Crack/Imgs/exp2_num_249619.png,2
data/MT_dset/MT_Crack/Imgs/exp5_num_265695.jpg,data/MT_dset/MT_Crack/Imgs/exp5_num_265695.png,2
data/MT_dset/MT_Crack/Imgs/exp5_num_339932.jpg,data/MT_dset/MT_Crack/Imgs/exp5_num_339932.png,2
data/MT_dset/MT_Crack/Imgs/exp3_num_85897.jpg,data/MT_dset/MT_Crack/Imgs/exp3_num_85897.png,2
data/MT_dset/MT_Crack/Imgs/exp3_num_249637.jpg,data/MT_dset/MT_Crack/Imgs/exp3_num_249637.png,2
data/MT_dset/MT_Crack/Imgs/exp6_num_265737.jpg,data/MT_dset/MT_Crack/Imgs/exp6_num_265737.png,2
data/MT_dset/MT_Crack/Imgs/exp6_num_32235.jpg,data/MT_dset/MT_Crack/Imgs/exp6_num_32235.png,2
data/MT_dset/MT_Crack/Imgs/exp4_num_342190.jpg,data/MT_dset/MT_Crack/Imgs/exp4_num_342190.png,2
data/MT_dset/MT_Crack/Imgs/exp5_num_86031.jpg,data/MT_dset/MT_Crack/Imgs/exp5_num_86031.png,2
data/MT_dset/MT_Crack/Imgs/exp5_num_342212.jpg,data/MT_dset/MT_Crack/Imgs/exp5_num_342212.png,2
data/MT_dset/MT_Crack/Imgs/exp3_num_32171.jpg,data/MT_dset/MT_Crack/Imgs/exp3_num_32171.png,2
data/MT_dset/MT_Crack/Imgs/exp3_num_265659.jpg,data/MT_dset/MT_Crack/Imgs/exp3_num_265659.png,2
data/MT_dset/MT_Crack/Imgs/exp4_num_116553.jpg,data/MT_dset/MT_Crack/Imgs/exp4_num_116553.png,2
data/MT_dset/MT_Crack/Imgs/exp4_num_339867.jpg,data/MT_dset/MT_Crack/Imgs/exp4_num_339867.png,2
data/MT_dset/MT_Crack/Imgs/exp6_num_88201.jpg,data/MT_dset/MT_Crack/Imgs/exp6_num_88201.png,2
data/MT_dset/MT_Crack/Imgs/exp4_num_3234.jpg,data/MT_dset/MT_Crack/Imgs/exp4_num_3234.png,2
data/MT_dset/MT_Crack/Imgs/exp4_num_249762.jpg,data/MT_dset/MT_Crack/Imgs/exp4_num_249762.png,2
data/MT_dset/MT_Crack/Imgs/exp5_num_116575.jpg,data/MT_dset/MT_Crack/Imgs/exp5_num_116575.png,2
data/MT_dset/MT_Crack/Imgs/exp1_num_32128.jpg,data/MT_dset/MT_Crack/Imgs/exp1_num_32128.png,2
data/MT_dset/MT_Crack/Imgs/exp3_num_86892.jpg,data/MT_dset/MT_Crack/Imgs/exp3_num_86892.png,2
data/MT_dset/MT_Crack/Imgs/exp6_num_116623.jpg,data/MT_dset/MT_Crack/Imgs/exp6_num_116623.png,2
data/MT_dset/MT_Crack/Imgs/exp5_num_85642.jpg,data/MT_dset/MT_Crack/Imgs/exp5_num_85642.png,2
data/MT_dset/MT_Crack/Imgs/exp3_num_3223.jpg,data/MT_dset/MT_Crack/Imgs/exp3_num_3223.png,2
data/MT_dset/MT_Crack/Imgs/exp1_num_265613.jpg,data/MT_dset/MT_Crack/Imgs/exp1_num_265613.png,2
data/MT_dset/MT_Crack/Imgs/exp2_num_339841.jpg,data/MT_dset/MT_Crack/Imgs/exp2_num_339841.png,2
data/MT_dset/MT_Crack/Imgs/exp4_num_85998.jpg,data/MT_dset/MT_Crack/Imgs/exp4_num_85998.png,2
data/MT_dset/MT_Crack/Imgs/exp2_num_85846.jpg,data/MT_dset/MT_Crack/Imgs/exp2_num_85846.png,2
data/MT_dset/MT_Crack/Imgs/exp4_num_88149.jpg,data/MT_dset/MT_Crack/Imgs/exp4_num_88149.png,2
data/MT_dset/MT_Crack/Imgs/exp1_num_249594.jpg,data/MT_dset/MT_Crack/Imgs/exp1_num_249594.png,2
data/MT_dset/MT_Crack/Imgs/exp3_num_339854.jpg,data/MT_dset/MT_Crack/Imgs/exp3_num_339854.png,2
data/MT_dset/MT_Fray/Imgs/exp2_num_136286.jpg,data/MT_dset/MT_Fray/Imgs/exp2_num_136286.png,3
data/MT_dset/MT_Fray/Imgs/exp1_num_136254.jpg,data/MT_dset/MT_Fray/Imgs/exp1_num_136254.png,3
data/MT_dset/MT_Fray/Imgs/exp1_num_258511.jpg,data/MT_dset/MT_Fray/Imgs/exp1_num_258511.png,3
data/MT_dset/MT_Fray/Imgs/exp3_num_20409.jpg,data/MT_dset/MT_Fray/Imgs/exp3_num_20409.png,3
data/MT_dset/MT_Fray/Imgs/exp3_num_258558.jpg,data/MT_dset/MT_Fray/Imgs/exp3_num_258558.png,3
data/MT_dset/MT_Fray/Imgs/exp5_num_77692.jpg,data/MT_dset/MT_Fray/Imgs/exp5_num_77692.png,3
data/MT_dset/MT_Fray/Imgs/exp6_num_77744.jpg,data/MT_dset/MT_Fray/Imgs/exp6_num_77744.png,3
data/MT_dset/MT_Fray/Imgs/exp5_num_136716.jpg,data/MT_dset/MT_Fray/Imgs/exp5_num_136716.png,3
data/MT_dset/MT_Fray/Imgs/exp1_num_77531.jpg,data/MT_dset/MT_Fray/Imgs/exp1_num_77531.png,3
data/MT_dset/MT_Fray/Imgs/exp4_num_77613.jpg,data/MT_dset/MT_Fray/Imgs/exp4_num_77613.png,3
data/MT_dset/MT_Fray/Imgs/exp2_num_20390.jpg,data/MT_dset/MT_Fray/Imgs/exp2_num_20390.png,3
data/MT_dset/MT_Fray/Imgs/exp6_num_136770.jpg,data/MT_dset/MT_Fray/Imgs/exp6_num_136770.png,3
data/MT_dset/MT_Fray/Imgs/exp2_num_258536.jpg,data/MT_dset/MT_Fray/Imgs/exp2_num_258536.png,3
data/MT_dset/MT_Fray/Imgs/exp4_num_136676.jpg,data/MT_dset/MT_Fray/Imgs/exp4_num_136676.png,3
data/MT_dset/MT_Fray/Imgs/exp6_num_972.jpg,data/MT_dset/MT_Fray/Imgs/exp6_num_972.png,3
data/MT_dset/MT_Fray/Imgs/exp5_num_258619.jpg,data/MT_dset/MT_Fray/Imgs/exp5_num_258619.png,3
data/MT_dset/MT_Fray/Imgs/exp4_num_135615.jpg,data/MT_dset/MT_Fray/Imgs/exp4_num_135615.png,3
data/MT_dset/MT_Fray/Imgs/exp6_num_258703.jpg,data/MT_dset/MT_Fray/Imgs/exp6_num_258703.png,3
data/MT_dset/MT_Fray/Imgs/exp6_num_20496.jpg,data/MT_dset/MT_Fray/Imgs/exp6_num_20496.png,3
data/MT_dset/MT_Fray/Imgs/exp3_num_135593.jpg,data/MT_dset/MT_Fray/Imgs/exp3_num_135593.png,3
data/MT_dset/MT_Fray/Imgs/exp1_num_20362.jpg,data/MT_dset/MT_Fray/Imgs/exp1_num_20362.png,3
data/MT_dset/MT_Fray/Imgs/exp1_num_135544.jpg,data/MT_dset/MT_Fray/Imgs/exp1_num_135544.png,3
data/MT_dset/MT_Fray/Imgs/exp2_num_77559.jpg,data/MT_dset/MT_Fray/Imgs/exp2_num_77559.png,3
data/MT_dset/MT_Fray/Imgs/exp2_num_135572.jpg,data/MT_dset/MT_Fray/Imgs/exp2_num_135572.png,3
data/MT_dset/MT_Fray/Imgs/exp6_num_135686.jpg,data/MT_dset/MT_Fray/Imgs/exp6_num_135686.png,3
data/MT_dset/MT_Uneven/Imgs/exp4_num_311863.jpg,data/MT_dset/MT_Uneven/Imgs/exp4_num_311863.png,4
data/MT_dset/MT_Uneven/Imgs/exp2_num_172267.jpg,data/MT_dset/MT_Uneven/Imgs/exp2_num_172267.png,4
data/MT_dset/MT_Uneven/Imgs/exp5_num_109313.jpg,data/MT_dset/MT_Uneven/Imgs/exp5_num_109313.png,4
data/MT_dset/MT_Uneven/Imgs/exp6_num_187011.jpg,data/MT_dset/MT_Uneven/Imgs/exp6_num_187011.png,4
data/MT_dset/MT_Uneven/Imgs/exp6_num_139916.jpg,data/MT_dset/MT_Uneven/Imgs/exp6_num_139916.png,4
data/MT_dset/MT_Uneven/Imgs/exp2_num_139820.jpg,data/MT_dset/MT_Uneven/Imgs/exp2_num_139820.png,4
data/MT_dset/MT_Uneven/Imgs/exp2_num_352504.jpg,data/MT_dset/MT_Uneven/Imgs/exp2_num_352504.png,4
data/MT_dset/MT_Uneven/Imgs/exp5_num_28404.jpg,data/MT_dset/MT_Uneven/Imgs/exp5_num_28404.png,4
data/MT_dset/MT_Uneven/Imgs/exp4_num_352527.jpg,data/MT_dset/MT_Uneven/Imgs/exp4_num_352527.png,4
data/MT_dset/MT_Uneven/Imgs/exp1_num_28341.jpg,data/MT_dset/MT_Uneven/Imgs/exp1_num_28341.png,4
data/MT_dset/MT_Uneven/Imgs/exp3_num_28373.jpg,data/MT_dset/MT_Uneven/Imgs/exp3_num_28373.png,4
data/MT_dset/MT_Uneven/Imgs/exp4_num_109286.jpg,data/MT_dset/MT_Uneven/Imgs/exp4_num_109286.png,4
data/MT_dset/MT_Uneven/Imgs/exp4_num_270184.jpg,data/MT_dset/MT_Uneven/Imgs/exp4_num_270184.png,4
data/MT_dset/MT_Uneven/Imgs/exp5_num_186953.jpg,data/MT_dset/MT_Uneven/Imgs/exp5_num_186953.png,4
data/MT_dset/MT_Uneven/Imgs/exp3_num_557.jpg,data/MT_dset/MT_Uneven/Imgs/exp3_num_557.png,4
data/MT_dset/MT_Uneven/Imgs/exp2_num_129056.jpg,data/MT_dset/MT_Uneven/Imgs/exp2_num_129056.png,4
data/MT_dset/MT_Uneven/Imgs/exp6_num_124787.jpg,data/MT_dset/MT_Uneven/Imgs/exp6_num_124787.png,4
data/MT_dset/MT_Uneven/Imgs/exp0_num_461.jpg,data/MT_dset/MT_Uneven/Imgs/exp0_num_461.png,4
data/MT_dset/MT_Uneven/Imgs/exp1_num_172241.jpg,data/MT_dset/MT_Uneven/Imgs/exp1_num_172241.png,4
data/MT_dset/MT_Uneven/Imgs/exp3_num_24829.jpg,data/MT_dset/MT_Uneven/Imgs/exp3_num_24829.png,4
data/MT_dset/MT_Uneven/Imgs/exp5_num_172332.jpg,data/MT_dset/MT_Uneven/Imgs/exp5_num_172332.png,4
data/MT_dset/MT_Uneven/Imgs/exp1_num_186826.jpg,data/MT_dset/MT_Uneven/Imgs/exp1_num_186826.png,4
data/MT_dset/MT_Uneven/Imgs/exp4_num_24843.jpg,data/MT_dset/MT_Uneven/Imgs/exp4_num_24843.png,4
data/MT_dset/MT_Uneven/Imgs/exp6_num_28424.jpg,data/MT_dset/MT_Uneven/Imgs/exp6_num_28424.png,4
data/MT_dset/MT_Uneven/Imgs/exp5_num_129103.jpg,data/MT_dset/MT_Uneven/Imgs/exp5_num_129103.png,4
data/MT_dset/MT_Uneven/Imgs/exp5_num_155415.jpg,data/MT_dset/MT_Uneven/Imgs/exp5_num_155415.png,4
data/MT_dset/MT_Uneven/Imgs/exp5_num_124744.jpg,data/MT_dset/MT_Uneven/Imgs/exp5_num_124744.png,4
data/MT_dset/MT_Uneven/Imgs/exp6_num_311924.jpg,data/MT_dset/MT_Uneven/Imgs/exp6_num_311924.png,4
data/MT_dset/MT_Uneven/Imgs/exp2_num_28359.jpg,data/MT_dset/MT_Uneven/Imgs/exp2_num_28359.png,4
data/MT_dset/MT_Uneven/Imgs/exp6_num_172365.jpg,data/MT_dset/MT_Uneven/Imgs/exp6_num_172365.png,4
data/MT_dset/MT_Uneven/Imgs/exp1_num_124236.jpg,data/MT_dset/MT_Uneven/Imgs/exp1_num_124236.png,4
data/MT_dset/MT_Uneven/Imgs/exp3_num_311847.jpg,data/MT_dset/MT_Uneven/Imgs/exp3_num_311847.png,4
data/MT_dset/MT_Uneven/Imgs/exp3_num_109271.jpg,data/MT_dset/MT_Uneven/Imgs/exp3_num_109271.png,4
data/MT_dset/MT_Uneven/Imgs/exp6_num_129148.jpg,data/MT_dset/MT_Uneven/Imgs/exp6_num_129148.png,4
data/MT_dset/MT_Uneven/Imgs/exp6_num_155478.jpg,data/MT_dset/MT_Uneven/Imgs/exp6_num_155478.png,4
data/MT_dset/MT_Uneven/Imgs/exp5_num_270218.jpg,data/MT_dset/MT_Uneven/Imgs/exp5_num_270218.png,4
data/MT_dset/MT_Uneven/Imgs/exp4_num_172304.jpg,data/MT_dset/MT_Uneven/Imgs/exp4_num_172304.png,4
data/MT_dset/MT_Uneven/Imgs/exp3_num_45042.jpg,data/MT_dset/MT_Uneven/Imgs/exp3_num_45042.png,4
data/MT_dset/MT_Uneven/Imgs/exp1_num_155300.jpg,data/MT_dset/MT_Uneven/Imgs/exp1_num_155300.png,4
data/MT_dset/MT_Uneven/Imgs/exp4_num_28388.jpg,data/MT_dset/MT_Uneven/Imgs/exp4_num_28388.png,4
data/MT_dset/MT_Uneven/Imgs/exp3_num_313507.jpg,data/MT_dset/MT_Uneven/Imgs/exp3_num_313507.png,4
data/MT_dset/MT_Uneven/Imgs/exp6_num_628.jpg,data/MT_dset/MT_Uneven/Imgs/exp6_num_628.png,4
data/MT_dset/MT_Uneven/Imgs/exp3_num_270169.jpg,data/MT_dset/MT_Uneven/Imgs/exp3_num_270169.png,4
data/MT_dset/MT_Uneven/Imgs/exp1_num_352479.jpg,data/MT_dset/MT_Uneven/Imgs/exp1_num_352479.png,4
data/MT_dset/MT_Uneven/Imgs/exp1_num_139798.jpg,data/MT_dset/MT_Uneven/Imgs/exp1_num_139798.png,4
data/MT_dset/MT_Uneven/Imgs/exp4_num_139856.jpg,data/MT_dset/MT_Uneven/Imgs/exp4_num_139856.png,4
data/MT_dset/MT_Uneven/Imgs/exp2_num_109256.jpg,data/MT_dset/MT_Uneven/Imgs/exp2_num_109256.png,4
data/MT_dset/MT_Uneven/Imgs/exp2_num_542.jpg,data/MT_dset/MT_Uneven/Imgs/exp2_num_542.png,4
data/MT_dset/MT_Uneven/Imgs/exp4_num_124690.jpg,data/MT_dset/MT_Uneven/Imgs/exp4_num_124690.png,4
data/MT_dset/MT_Uneven/Imgs/exp3_num_352516.jpg,data/MT_dset/MT_Uneven/Imgs/exp3_num_352516.png,4
data/MT_dset/MT_Uneven/Imgs/exp6_num_109350.jpg,data/MT_dset/MT_Uneven/Imgs/exp6_num_109350.png,4
data/MT_dset/MT_Uneven/Imgs/exp4_num_313519.jpg,data/MT_dset/MT_Uneven/Imgs/exp4_num_313519.png,4
data/MT_dset/MT_Uneven/Imgs/exp1_num_274094.jpg,data/MT_dset/MT_Uneven/Imgs/exp1_num_274094.png,4
data/MT_dset/MT_Uneven/Imgs/exp2_num_186858.jpg,data/MT_dset/MT_Uneven/Imgs/exp2_num_186858.png,4
data/MT_dset/MT_Uneven/Imgs/exp2_num_311834.jpg,data/MT_dset/MT_Uneven/Imgs/exp2_num_311834.png,4
data/MT_dset/MT_Uneven/Imgs/exp3_num_33395.jpg,data/MT_dset/MT_Uneven/Imgs/exp3_num_33395.png,4
data/MT_dset/MT_Uneven/Imgs/exp3_num_129069.jpg,data/MT_dset/MT_Uneven/Imgs/exp3_num_129069.png,4
data/MT_dset/MT_Uneven/Imgs/exp4_num_45057.jpg,data/MT_dset/MT_Uneven/Imgs/exp4_num_45057.png,4
data/MT_dset/MT_Uneven/Imgs/exp4_num_186909.jpg,data/MT_dset/MT_Uneven/Imgs/exp4_num_186909.png,4
data/MT_dset/MT_Uneven/Imgs/exp1_num_311809.jpg,data/MT_dset/MT_Uneven/Imgs/exp1_num_311809.png,4
data/MT_dset/MT_Uneven/Imgs/exp2_num_24815.jpg,data/MT_dset/MT_Uneven/Imgs/exp2_num_24815.png,4
data/MT_dset/MT_Uneven/Imgs/exp6_num_33541.jpg,data/MT_dset/MT_Uneven/Imgs/exp6_num_33541.png,4
data/MT_dset/MT_Uneven/Imgs/exp1_num_45007.jpg,data/MT_dset/MT_Uneven/Imgs/exp1_num_45007.png,4
data/MT_dset/MT_Uneven/Imgs/exp6_num_274218.jpg,data/MT_dset/MT_Uneven/Imgs/exp6_num_274218.png,4
data/MT_dset/MT_Uneven/Imgs/exp1_num_24793.jpg,data/MT_dset/MT_Uneven/Imgs/exp1_num_24793.png,4
data/MT_dset/MT_Uneven/Imgs/exp2_num_313494.jpg,data/MT_dset/MT_Uneven/Imgs/exp2_num_313494.png,4
data/MT_dset/MT_Uneven/Imgs/exp6_num_270255.jpg,data/MT_dset/MT_Uneven/Imgs/exp6_num_270255.png,4
data/MT_dset/MT_Uneven/Imgs/exp2_num_155333.jpg,data/MT_dset/MT_Uneven/Imgs/exp2_num_155333.png,4
data/MT_dset/MT_Uneven/Imgs/exp5_num_313536.jpg,data/MT_dset/MT_Uneven/Imgs/exp5_num_313536.png,4
data/MT_dset/MT_Uneven/Imgs/exp3_num_172286.jpg,data/MT_dset/MT_Uneven/Imgs/exp3_num_172286.png,4
data/MT_dset/MT_Uneven/Imgs/exp3_num_155360.jpg,data/MT_dset/MT_Uneven/Imgs/exp3_num_155360.png,4
data/MT_dset/MT_Uneven/Imgs/exp3_num_139838.jpg,data/MT_dset/MT_Uneven/Imgs/exp3_num_139838.png,4
data/MT_dset/MT_Uneven/Imgs/exp2_num_124592.jpg,data/MT_dset/MT_Uneven/Imgs/exp2_num_124592.png,4
data/MT_dset/MT_Uneven/Imgs/exp3_num_274138.jpg,data/MT_dset/MT_Uneven/Imgs/exp3_num_274138.png,4
data/MT_dset/MT_Uneven/Imgs/exp1_num_33365.jpg,data/MT_dset/MT_Uneven/Imgs/exp1_num_33365.png,4
data/MT_dset/MT_Uneven/Imgs/exp4_num_33407.jpg,data/MT_dset/MT_Uneven/Imgs/exp4_num_33407.png,4
data/MT_dset/MT_Uneven/Imgs/exp5_num_352540.jpg,data/MT_dset/MT_Uneven/Imgs/exp5_num_352540.png,4
data/MT_dset/MT_Uneven/Imgs/exp3_num_186885.jpg,data/MT_dset/MT_Uneven/Imgs/exp3_num_186885.png,4
data/MT_dset/MT_Uneven/Imgs/exp5_num_33487.jpg,data/MT_dset/MT_Uneven/Imgs/exp5_num_33487.png,4
data/MT_dset/MT_Uneven/Imgs/exp6_num_25007.jpg,data/MT_dset/MT_Uneven/Imgs/exp6_num_25007.png,4
data/MT_dset/MT_Uneven/Imgs/exp1_num_270128.jpg,data/MT_dset/MT_Uneven/Imgs/exp1_num_270128.png,4
data/MT_dset/MT_Uneven/Imgs/exp5_num_139883.jpg,data/MT_dset/MT_Uneven/Imgs/exp5_num_139883.png,4
